Products,LastRead,LastScrape
https://www.bestsdwaywholesale.co.uk/product/440775-6,2023-04-17 18:05:23.443755,2023-04-17 18:05:23.444707
https://www.bestwaywholesale.co.uk/product/803202-2,2023-04-17 18:05:23.443755,2023-04-17 18:05:24.456662
https://www.bestwaywholesale.co.uk/product/341515-1,2023-04-17 18:05:23.443755,2023-04-17 18:05:25.273074
https://www.bestwaywholesale.co.uk/product/366890-1,2023-04-17 18:05:23.443755,2023-04-17 18:05:27.240226
https://www.argos.co.uk/product/9484799;https://www.argos.couk/product/1021284,2023-04-17 18:05:23.443755,2023-04-17 18:05:28.674335
https://www.argos.co.uk/product/1021284,2023-04-17 18:05:23.443755,2023-04-17 18:05:30.214875
https://www.argos.co.uk/product/7912036?clickPR=plp:1:345,2023-04-17 18:05:23.443755,2023-04-17 18:05:31.581646
https://www.argos.co.uk/product/8462372?clickPR=plp:2:38,2023-04-17 18:05:23.443755,2023-04-17 18:05:33.124068
https://www.argos.co.uk/product/9545171?clickCSR=slp:cannedSearch,2023-04-17 18:05:23.443755,2023-04-17 18:05:34.833927
https://www.amazon.co.uk/dp/B087VLP2RT,2023-04-17 18:05:23.443755,2023-04-17 18:05:38.888557
https://www.amazon.co.uk/dp/B094XXVVVQ,2023-04-17 18:05:23.443755,2023-04-17 18:05:42.951383
https://www.amazon.co.uk/Bored-Lunch-Healthy-Fryer-Book/dp/1529903521,2023-04-17 18:05:23.443755,2023-04-17 18:05:46.625794
https://www.amazon.co.uk/Crocodile-Double-Waterproof-Bathroom-Swimming/dp/B09ZP6QNS1,2023-04-17 18:05:23.443755,2023-04-17 18:05:50.514245
https://www.amazon.co.uk/ODLA-Flannel-Double-Washable-Pillows/dp/B0BK52QTNH,2023-04-17 18:05:23.443755,2023-04-17 18:05:53.983744
asdasdasd,2023-04-17 18:05:23.443755,2023-04-17 18:05:53.987246
